<beans xmlns="http://www.springframework.org/schema/beans"
	xmlns:xsi="http://www.w3.org/2001/XMLSchema-instance" xmlns:mvc="http://www.springframework.org/schema/mvc"
	xmlns:context="http://www.springframework.org/schema/context"
	xmlns:aop="http://www.springframework.org/schema/aop" xmlns:tx="http://www.springframework.org/schema/tx"
	xsi:schemaLocation="http://www.springframework.org/schema/beans 
		http://www.springframework.org/schema/beans/spring-beans-4.0.xsd 
		http://www.springframework.org/schema/mvc 
		http://www.springframework.org/schema/mvc/spring-mvc-4.0.xsd 
		http://www.springframework.org/schema/context 
		http://www.springframework.org/schema/context/spring-context-4.0.xsd 
		http://www.springframework.org/schema/aop 
		http://www.springframework.org/schema/aop/spring-aop-4.0.xsd 
		http://www.springframework.org/schema/tx 
		http://www.springframework.org/schema/tx/spring-tx-4.0.xsd ">

	<!-- 静态资源过滤 -->
	<mvc:default-servlet-handler />

	<!-- 默认的注解映射的支持 -->
	<!-- 返回json 方法一 需要导入 fastjson.jar包 -->
	<mvc:annotation-driven><!-- 启动Springmvc注解驱动 -->
		<mvc:message-converters register-defaults="false">
			<!-- 避免IE执行AJAX时,返回JSON出现下载文件 -->
			<bean id="fastJsonHttpMessageConverter"
				class="com.alibaba.fastjson.support.spring.FastJsonHttpMessageConverter">
				<property name="supportedMediaTypes">
					<list>
						<!-- 这里顺序不能反，一定先写text/html,不然ie下出现下载提示 -->
						<value>text/html;charset=UTF-8</value>
						<value>application/json;charset=UTF-8</value>
					</list>
				</property>
				<property name="features">
					<list>
						<value>WriteMapNullValue</value>
						<value>QuoteFieldNames</value>
						<value>PrettyFormat</value>
						<value>WriteNullStringAsEmpty</value>
						<value>WriteNullListAsEmpty</value>
						<value>DisableCircularReferenceDetect</value>
					</list>
				</property>
			</bean>
		</mvc:message-converters>
	</mvc:annotation-driven>

	<!-- 自动扫描该包，使SpringMVC认为包下用了@controller注解的类是控制器 -->
	<context:component-scan base-package="com.psn.bookstore.**.controller" />

	<mvc:resources mapping="/js/**" location="/WEB-INF/js/" />

	<!-- 对模型视图名称的解析，即在模型视图名称添加前后缀 -->
	<bean
		class="org.springframework.web.servlet.view.InternalResourceViewResolver">
		<property name="prefix" value="/WEB-INF/pages/" />
		<property name="suffix" value=".html" />
	</bean>

	<!-- REST中根据URL后缀自动判定Content-Type及相应的View -->
	<bean id="contentNegotiationManager"
		class="org.springframework.web.accept.ContentNegotiationManagerFactoryBean">
		<property name="favorPathExtension" value="false" />
		<property name="favorParameter" value="true" />
		<property name="mediaTypes">
			<map>
				<entry key="atom" value="application/atom+xml" />
				<entry key="html" value="text/html" />
				<entry key="json" value="application/json" />
				<entry key="xml" value="application/xml" />
			</map>
		</property>
	</bean>
</beans>