<beans xmlns="http://www.springframework.org/schema/beans"
	xmlns:xsi="http://www.w3.org/2001/XMLSchema-instance"
	xsi:schemaLocation="http://www.springframework.org/schema/beans http://www.springframework.org/schema/beans/spring-beans-4.2.xsd">
	
	<!-- simpleRealm -->
	<bean id="simpleRealm" class="org.apache.shiro.realm.text.IniRealm">
		<constructor-arg name="resourcePath" value="classpath:shiro.ini">
		</constructor-arg>
	</bean>	
		
	<!-- securityManager -->
	<bean id="securityManager" class="org.apache.shiro.web.mgt.DefaultWebSecurityManager">
		<property name="realm" ref="simpleRealm"></property>
	</bean>
	
	<!-- filter -->
	<bean id="shiroFilter" class="org.apache.shiro.spring.web.ShiroFilterFactoryBean">
		<property name="loginUrl" value="/login"></property>
		<property name="successUrl" value="/main"></property>
		<property name="unauthorizedUrl" value="/comm/403"></property>
		<property name="filters">
			<map>
				<entry key="authc">
					<bean class="org.apache.shiro.web.filter.authc.FormAuthenticationFilter"></bean>
				</entry>
			</map>
		</property>
		<property name="filterChainDefinitions">
			<value>
				/js/**=anon
				/login/** = anon
				/** = authc
			</value>
		</property>
		<property name="securityManager" ref="securityManager"></property>
	</bean>
	
</beans>